{
  "score": 0.8940418679549114,
  "params": {
    "filter_window": 31,
    "detrend_window": 1469,
    "timeout_samples": 143,
    "input_threshold": 0.8711957628182433
  }
}